rxnorm_id	disease_cui	n_labels	expert	crowd
10156	C0013295	2	1	0
10237	C0003873	1	0	1
10237	C0029408	1	0	1
10237	C0038013	1	0	1
10237	C0149896	1	0	1
10237	C0410022	1	0	1
10237	C0546953	1	0	1
10355	C0917801	1	1	0
10368	C0004096	1	1	0
10368	C0006266	1	1	0
10368	C0006277	1	1	0
10368	C0013990	1	1	0
10379	C0022735	3	1	0
10379	C0403818	3	1	0
10379	C0034012	1	1	0
10395	C0000925	1	0	1
10395	C0006434	1	0	1
10395	C0037278	1	0	1
10402	C0003123	1	1	0
10402	C0027497	1	1	0
10402	C0042963	1	1	0
10432	C0026764	1	1	0
10432	C0343467	1	1	0
10438	C0004096	2	1	0
10438	C0008677	2	1	0
10438	C0013990	2	1	0
10438	C0028778	2	1	0
10438	C0746102	2	1	0
10454	C0005122	1	0	1
10454	C0007222	1	0	1
10454	C0018801	1	0	1
10454	C0027813	1	0	1
10454	C0039841	1	0	1
10454	C0043121	1	0	1
10454	C0342936	1	0	1
10510	C0036341	1	0	1
105694	C0002871	1	0	1
105694	C0019693	1	0	1
10572	C0004258	1	1	0
10572	C0007115	1	1	0
10572	C0018021	1	1	0
10572	C0020676	1	1	0
10572	C0027145	1	1	0
10572	C0040137	1	1	0
10572	C0040149	1	1	0
10572	C0271789	1	1	0
10572	C0342200	1	1	0
10572	C0342208	1	1	0
10572	C0677607	1	1	0
10572	C0700502	1	1	0
10582	C0004258	1	1	0
10582	C0007115	1	1	0
10582	C0018021	1	1	0
10582	C0020676	1	1	0
10582	C0040137	1	1	0
10582	C0040149	1	1	0
10582	C0220998	1	1	0
10582	C0238298	1	1	0
10582	C0271789	1	1	0
10582	C0271790	1	1	0
10582	C0342208	1	1	0
10582	C0677607	1	1	0
10582	C0700502	1	1	0
10594	C0027947	1	0	1
10594	C0038454	1	0	1
10594	C0040053	1	0	1
10594	C0242129	1	0	1
10612	C0013370	1	0	1
10612	C0017536	1	0	1
10612	C0040921	1	0	1
10612	C0085166	1	0	1
10627	C0004623	1	0	1
10627	C0007684	1	0	1
10627	C0010674	1	0	1
10627	C0025289	1	0	1
10627	C0031154	1	0	1
10627	C0036690	1	0	1
10627	C0038160	1	0	1
10627	C0149725	1	0	1
10627	C0262655	1	0	1
10627	C0577708	1	0	1
10627	C1112209	1	0	1
10637	C0040259	18	0	1
10637	C0040247	12	0	1
10637	C0033774	11	0	1
10637	C0040252	10	0	1
10637	C1384589	7	0	1
10637	C0231772	6	0	1
10637	C0423773	3	0	1
10637	C0040253	2	0	1
10637	C0026946	1	0	1
10637	C0234233	1	0	1
10689	C0278139	2	1	0
10689	C0278140	2	1	0
10689	C0030193	1	1	0
10737	C0003469	1	1	0
10737	C0011570	1	1	0
10737	C1269683	1	1	0
10753	C0001144	1	0	1
10753	C0023487	1	0	1
10753	C0162834	1	0	1
10753	C2729169	1	0	1
10759	C0018621	3	0	1
10759	C0848309	3	0	1
10759	C0003873	2	0	1
10759	C0014488	2	0	1
10759	C0015397	2	0	1
10759	C0029077	2	0	1
10759	C0029408	2	0	1
10759	C0037274	2	0	1
10759	C0039103	2	0	1
10759	C0039520	2	0	1
10759	C0042164	2	0	1
10759	C0149896	2	0	1
10759	C0231918	2	0	1
10759	C1290159	2	0	1
10759	C1956391	2	0	1
10759	C0001403	1	0	1
10759	C0001627	1	0	1
10759	C0002171	1	0	1
10759	C0002878	1	0	1
10759	C0003872	1	0	1
10759	C0004096	1	0	1
10759	C0005138	1	0	1
10759	C0006114	1	0	1
10759	C0009324	1	0	1
10759	C0010346	1	0	1
10759	C0011606	1	0	1
10759	C0011608	1	0	1
10759	C0011615	1	0	1
10759	C0011616	1	0	1
10759	C0011633	1	0	1
10759	C0014130	1	0	1
10759	C0014458	1	0	1
10759	C0014742	1	0	1
10759	C0017178	1	0	1
10759	C0018939	1	0	1
10759	C0020437	1	0	1
10759	C0020517	1	0	1
10759	C0020564	1	0	1
10759	C0022548	1	0	1
10759	C0022658	1	0	1
10759	C0023418	1	0	1
10759	C0023646	1	0	1
10759	C0024138	1	0	1
10759	C0024141	1	0	1
10759	C0024299	1	0	1
10759	C0026769	1	0	1
10759	C0026948	1	0	1
10759	C0027627	1	0	1
10759	C0027651	1	0	1
10759	C0027822	1	0	1
10759	C0030807	1	0	1
10759	C0033687	1	0	1
10759	C0034902	1	0	1
10759	C0035204	1	0	1
10759	C0035435	1	0	1
10759	C0035440	1	0	1
10759	C0036202	1	0	1
10759	C0036830	1	0	1
10759	C0038013	1	0	1
10759	C0038325	1	0	1
10759	C0040147	1	0	1
10759	C0040896	1	0	1
10759	C0041318	1	0	1
10759	C0041327	1	0	1
10759	C0085074	1	0	1
10759	C0085655	1	0	1
10759	C0149922	1	0	1
10759	C0154301	1	0	1
10759	C0271738	1	0	1
10759	C0274435	1	0	1
10759	C0333463	1	0	1
10759	C0392445	1	0	1
10759	C0409974	1	0	1
10759	C0553662	1	0	1
10759	C0750974	1	0	1
10759	C1258666	1	0	1
10759	C1260899	1	0	1
10759	C1704321	1	0	1
10759	C1882062	1	0	1
10759	C2607914	1	0	1
10763	C0013604	1	1	0
10763	C0018802	1	1	0
10763	C0023890	1	1	0
10763	C0027726	1	1	0
10763	C0238094	1	1	0
10763	C0271728	1	1	0
10763;5487	C0020538	1	0	1
10767	C0917801	1	1	0
10811	C0015371	1	0	1
10811	C0242422	1	0	1
108118	C0004096	1	0	1
108118	C0018621	1	0	1
108118	C0027424	1	0	1
108118	C0027430	1	0	1
108118	C0037274	1	0	1
108118	C0231918	1	0	1
108118	C2607914	1	0	1
10814	C0004258	1	1	0
10814	C0018021	1	1	0
10814	C0020676	1	1	0
10814	C0027145	1	1	0
10814	C0040137	1	1	0
10814	C0238298	1	1	0
10814	C0271789	1	1	0
10814	C0342200	1	1	0
10814	C0342208	1	1	0
10814	C0677607	1	1	0
10814	C0700502	1	1	0
10829	C0042029	3	1	1
10829	C0013371	2	1	0
10829	C0008677	1	1	0
10829	C0032305	1	1	0
10829	C0271429	1	1	0
10829	C0277528	1	1	0
11124	C1257843	2	1	0
11124	C0014118	1	1	0
11124	C0014356	1	1	0
11124	C0029443	1	1	0
11124	C0036690	1	1	0
11124	C0037278	1	1	0
11124	C0038157	1	1	0
11124	C0038160	1	1	0
11124	C0149725	1	1	0
11124	C0340359	1	1	0
11124	C0520767	1	1	0
11170	C0002962	2	1	0
11170	C0004238	2	1	0
11170	C0085580	2	1	0
11170	C0002963	1	1	0
11170	C0002965	1	1	0
11170	C0003811	1	1	0
11170	C0004239	1	1	0
11170	C0020538	1	1	0
11170	C0030590	1	1	0
11170	C0039240	1	1	0
11170	C0577698	1	1	0
11170	C0699826	1	1	0
11170	C0741289	1	1	0
11289	C0004238	2	1	0
11289	C0027051	2	1	0
11289	C0034065	2	1	0
11289	C0038454	2	1	0
11289	C0040038	2	1	0
11289	C0042487	2	1	0
114477	C0014544	3	1	0
114477	C0751495	3	1	0
114477	C0014550	2	1	0
114477	C0270850	2	1	0
114477	C0270853	2	1	0
114477	C0494475	2	1	0
114979	C0013295	1	1	0
114979	C0017168	1	1	0
114979	C0018834	1	1	0
114979	C0043515	1	1	0
114979	C0079487	1	1	0
1151	C0012546	1	0	1
1151	C0036474	1	0	1
1151	C0085693	1	0	1
115264	C0029458	2	0	1
115264	C0029456	1	0	1
115264	C0080179	1	0	1
115698	C0036341	2	0	1
115698	C0338831	2	0	1
115698	C0349208	2	0	1
115698	C0853193	2	0	1
115698	C0005586	1	0	1
115698	C0085631	1	0	1
115698	C2937260	1	0	1
1191	C0030193	9	0	1
1191	C0018681	6	0	1
1191	C0234238	6	0	1
1191	C0009443	5	0	1
1191	C0015967	4	0	1
1191	C0003864	3	0	1
1191	C0040460	3	0	1
1191	C0231528	2	0	1
1191	C0013390	1	0	1
1191	C0031350	1	0	1
1191	C0242429	1	0	1
1191;1886;19860	C0018681	2	0	1
1191;1886;19860	C1140999	2	0	1
1191;1886;19860	C0233494	1	0	1
1191;3521	C0022118	1	0	1
1191;3521	C0038454	1	0	1
1191;3521	C0040053	1	0	1
1191;3521	C0948008	1	0	1
119565	C0878773	1	0	1
1202	C0002962	1	1	0
1202	C0020538	1	1	0
1202	C0155626	1	1	0
121191	C0003873	1	1	0
121191	C0023434	1	1	0
121191	C0024305	1	1	0
121191	C0043092	1	1	0
121191	C0264939	1	1	0
121191	C0343192	1	1	0
121191	C0521173	1	1	0
121243	C0004030	1	0	1
121243	C0006846	1	0	1
121243	C0026946	1	0	1
121243	C0043250	1	0	1
121243	C0239295	1	0	1
121243	C0877445	1	0	1
1223;3500	C0011991	1	0	1
1251	C0002893	2	0	1
1251	C0023480	2	0	1
1251	C0026986	2	0	1
1251	C0002894	1	0	1
1251	C1264195	1	0	1
1256	C0003873	1	1	0
1291;7299;8536	C0000925	1	0	1
1291;7299;8536	C0003044	1	0	1
1291;7299;8536	C0005741	1	0	1
1291;7299;8536	C0005743	1	0	1
1291;7299;8536	C0006434	1	0	1
1291;7299;8536	C0009763	1	0	1
1291;7299;8536	C0022568	1	0	1
1291;7299;8536	C0022573	1	0	1
1291;7299;8536	C0043250	1	0	1
1291;7299;8536	C0332805	1	0	1
1347	C0004096	1	0	1
1347	C0018621	1	0	1
1347	C0027430	1	0	1
1347	C0035457	1	0	1
1347	C0035460	1	0	1
1347	C0231918	1	0	1
1347	C0848309	1	0	1
134748	C0030567	1	0	1
135391	C0009766	2	0	1
135391	C0018621	1	0	1
135391	C0033774	1	0	1
135447	C0002395	2	1	0
135775	C0149931	2	0	1
136198	C0150045	1	0	1
136198	C0878773	1	0	1
136411	C0152171	1	1	0
136411	C0242350	1	1	0
1388	C0030756	1	0	1
1388	C0030757	1	0	1
139462	C0009768	2	1	0
139462	C0000833	1	1	0
139462	C0008677	1	1	0
139462	C0037278	1	1	0
139462	C0275524	1	1	0
139462	C0275556	1	1	0
139462	C0694549	1	1	0
139462	C1112209	1	1	0
139778	C0009806	1	0	1
139778	C0022104	1	0	1
139778	C0267509	1	0	1
139825	C0011849	1	0	1
139825	C0011854	1	0	1
139825	C0011860	1	0	1
139825	C0020456	1	0	1
139953	C0011854	1	0	1
139953	C0011860	1	0	1
140587	C0003873	1	1	0
140587	C0029408	1	1	0
140587	C0038013	1	1	0
140587	C0149875	1	1	0
140587	C0184567	1	1	0
140587	C0553662	1	1	0
141366	C0149931	1	0	1
141626	C0011860	1	0	1
141626	C0020443	1	0	1
141626	C0020445	1	0	1
141626	C0020473	1	0	1
1418	C0001144	19	0	1
1418	C0542346	9	0	1
1418	C0302302	3	0	1
1418	C0015230	2	0	1
1418	C0029485	1	0	1
1418	C0033774	1	0	1
1418	C0702166	1	0	1
1418;2582	C0001144	2	0	1
1418;2582	C1998083	1	0	1
1424	C0015371	1	0	1
1424	C0242422	1	0	1
1514	C0037274	4	0	1
1514	C0001627	1	0	1
1514	C0002170	1	0	1
1514	C0002878	1	0	1
1514	C0003872	1	0	1
1514	C0003873	1	0	1
1514	C0004096	1	0	1
1514	C0005138	1	0	1
1514	C0006114	1	0	1
1514	C0009324	1	0	1
1514	C0010346	1	0	1
1514	C0011606	1	0	1
1514	C0011608	1	0	1
1514	C0011615	1	0	1
1514	C0011616	1	0	1
1514	C0011633	1	0	1
1514	C0014130	1	0	1
1514	C0014458	1	0	1
1514	C0014488	1	0	1
1514	C0014742	1	0	1
1514	C0015397	1	0	1
1514	C0017178	1	0	1
1514	C0018621	1	0	1
1514	C0018939	1	0	1
1514	C0020437	1	0	1
1514	C0020517	1	0	1
1514	C0020564	1	0	1
1514	C0022548	1	0	1
1514	C0022658	1	0	1
1514	C0023418	1	0	1
1514	C0023646	1	0	1
1514	C0024138	1	0	1
1514	C0024141	1	0	1
1514	C0024299	1	0	1
1514	C0026769	1	0	1
1514	C0026948	1	0	1
1514	C0027627	1	0	1
1514	C0027651	1	0	1
1514	C0027822	1	0	1
1514	C0029077	1	0	1
1514	C0029408	1	0	1
1514	C0030807	1	0	1
1514	C0033687	1	0	1
1514	C0034902	1	0	1
1514	C0035204	1	0	1
1514	C0035440	1	0	1
1514	C0036202	1	0	1
1514	C0036830	1	0	1
1514	C0038013	1	0	1
1514	C0038325	1	0	1
1514	C0039103	1	0	1
1514	C0039520	1	0	1
1514	C0040147	1	0	1
1514	C0040896	1	0	1
1514	C0041318	1	0	1
1514	C0041327	1	0	1
1514	C0042164	1	0	1
1514	C0085074	1	0	1
1514	C0085655	1	0	1
1514	C0149896	1	0	1
1514	C0149922	1	0	1
1514	C0154301	1	0	1
1514	C0274435	1	0	1
1514	C0333463	1	0	1
1514	C0392445	1	0	1
1514	C0409974	1	0	1
1514	C0553662	1	0	1
1514	C0750974	1	0	1
1514	C0848309	1	0	1
1514	C1258666	1	0	1
1514	C1260899	1	0	1
1514	C1290159	1	0	1
1514	C1704321	1	0	1
1514	C1882062	1	0	1
1514	C1956391	1	0	1
153970	C0000729	3	1	0
153970	C0010692	3	1	0
153970	C0022104	3	1	0
153970	C0030920	3	1	0
153970	C0037763	3	1	0
153970	C0151824	3	1	0
153970	C0152163	3	1	0
153970	C0152169	3	1	0
153970	C0559031	3	1	0
153970	C0005697	2	1	0
153970	C0009443	2	1	0
153970	C0016807	2	1	0
153970	C0221037	2	1	0
153970	C0274704	2	1	0
153970	C0695242	2	1	0
153970	C0014356	1	1	0
153970	C0020458	1	1	0
153970	C0026837	1	1	0
153970	C0030193	1	1	0
153970	C0030305	1	1	0
153970	C0037036	1	1	0
153970	C0040822	1	1	0
153970	C0242422	1	1	0
153970	C0428977	1	1	0
153970	C1621824	1	1	0
155046	C0232849	1	0	1
155046	C0600040	1	0	1
1596	C0009806	4	0	1
15996	C1269683	1	1	0
161	C0030193	15	0	1
161	C0234238	15	0	1
161	C0015967	14	0	1
161	C0018681	14	0	1
161	C0009443	12	0	1
161	C0040460	10	0	1
161	C0003864	6	0	1
161	C0013390	5	0	1
161	C0004604	4	0	1
161	C0031350	4	0	1
161	C0021400	3	0	1
161	C0027424	1	0	1
161	C0152029	1	0	1
161	C0278138	1	0	1
16681	C0011860	1	0	1
167	C0149893	1	0	1
167	C0154946	1	0	1
167	C0238284	1	0	1
167	C0339573	1	0	1
16818	C0033860	1	0	1
17128	C0018834	1	0	1
17300	C0005001	2	1	0
1760	C0001206	1	0	1
1760	C0001430	1	0	1
1760	C0002453	1	0	1
1760	C0011860	1	0	1
1760	C0020514	1	0	1
1760	C0027651	1	0	1
1760	C0030567	1	0	1
17767	C0002963	2	1	0
17767	C0020538	2	1	0
17767	C000296	1	1	0
17767	C0002962	1	1	0
17767	C0340288	1	1	0
17767	C0699826	1	1	0
17767	C1956346	1	1	0
1808	C0013604	1	0	1
1808	C0018802	1	0	1
1808	C0022658	1	0	1
1808	C0023895	1	0	1
1808	C0027726	1	0	1
1819	C0278139	4	0	1
1819	C0278140	4	0	1
1819	C0524662	2	0	1
1819	C0030193	1	0	1
1827	C0003469	1	1	0
1827	C0086132	1	1	0
1827	C0270549	1	1	0
183379	C0011265	1	0	1
183379	C0030567	1	0	1
1841	C0030193	2	0	1
18603	C0033774	2	0	1
18603	C0009766	1	0	1
18603	C0018621	1	0	1
18603	C0027424	1	0	1
18603	C0032781	1	0	1
18603	C0035460	1	0	1
18603	C1260880	1	0	1
18631	C0032285	2	1	0
18631	C0007860	1	1	0
18631	C0007947	1	1	0
18631	C0009768	1	1	0
18631	C0019247	1	1	0
18631	C0024117	1	1	0
18631	C0026918	1	1	0
18631	C0026919	1	1	0
18631	C0031350	1	1	0
18631	C0037278	1	1	0
18631	C0040425	1	1	0
18631	C0271429	1	1	0
18631	C0275556	1	1	0
18631	C0311389	1	1	0
18631	C0694549	1	1	0
18747	C0009324	3	0	1
187832	C0016053	1	1	0
187832	C0027796	1	1	0
187832	C0032768	1	1	0
187832	C0740447	1	1	0
187832	C0751495	1	1	0
18867	C0020538	2	1	0
1894	C0020598	2	1	0
1894	C0005944	1	1	0
1894	C0020503	1	1	0
1894	C0020626	1	1	0
1894	C0022661	1	1	0
1894	C0029405	1	1	0
1894	C0033806	1	1	0
1894	C0035086	1	1	0
1894	C0342342	1	1	0
1894	C0406317	1	1	0
1897	C0013395	2	0	1
1897	C0018834	2	0	1
18993	C0010200	2	1	0
190376	C0004610	1	0	1
190376	C0021311	1	0	1
190376	C0037278	1	0	1
190376	C0555973	1	0	1
190376	C0694549	1	0	1
190376	C0949083	1	0	1
191831	C0003864	1	1	0
191831	C0003872	1	1	0
191831	C0003873	1	1	0
191831	C0009324	1	1	0
191831	C0010346	1	1	0
191831	C0034895	1	1	0
191831	C0038013	1	1	0
191831	C0341318	1	1	0
191831	C0406317	1	1	0
19257	C0005697	1	1	0
19257	C0080274	1	1	0
19478	C0011991	9	0	1
19478	C0235309	9	0	1
19478	C0018834	7	0	1
19478	C0027497	6	0	1
19478	C0013395	5	0	1
19478	C0014724	3	0	1
19478	C0016204	3	0	1
19484	C0020538	1	1	0
19552	C0008677	1	1	0
19552	C0029882	1	1	0
19552	C0031350	1	1	0
19552	C0037278	1	1	0
19552	C0038395	1	1	0
19552	C0040425	1	1	0
19552	C0149512	1	1	0
19552	C0149514	1	1	0
19552	C0442886	1	1	0
19831	C0004096	2	1	0
19831	C0010346	1	1	0
19831	C0018621	1	1	0
19831	C0035457	1	1	0
19860	C0033893	1	1	0
1998	C0011881	2	0	1
1998	C0018802	2	0	1
1998	C0020538	2	0	1
1998	C0035309	2	0	1
1998	C0011849	1	0	1
1998	C0020649	1	0	1
1998	C0027051	1	0	1
1998	C0242698	1	0	1
1998	C1565489	1	0	1
2002	C0014544	1	1	0
2002	C0030193	1	1	0
2002	C0036572	1	1	0
2002	C0040997	1	1	0
2002	C0154731	1	1	0
2002	C0234533	1	1	0
2002	C0338831	1	1	0
2002	C0349208	1	1	0
2002	C0751495	1	1	0
2002	C0853193	1	1	0
2019;6375	C0030567	2	0	1
2019;6375	C0030569	2	0	1
2019;6375	C0030568	1	0	1
2019;6375	C0042963	1	0	1
2019;6375	C0242422	1	0	1
20352	C0018802	1	1	0
20352	C0020538	1	1	0
20352	C0027051	1	1	0
20352	C0085580	1	1	0
20352	C0242698	1	1	0
20489	C0008677	1	0	1
20489	C0010692	1	0	1
20489	C0018081	1	0	1
20489	C0021311	1	0	1
20489	C0031350	1	0	1
20489	C0037278	1	0	1
20489	C0040425	1	0	1
20489	C0042029	1	0	1
20489	C0155804	1	0	1
20489	C0271429	1	0	1
20489	C0275518	1	0	1
20489	C0694549	1	0	1
20610	C0033774	2	0	1
20610	C0018621	1	0	1
20610	C0020517	1	0	1
20610	C0037383	1	0	1
20610	C0042109	1	0	1
20610	C0152227	1	0	1
20610	C1260880	1	0	1
2101	C0184567	2	1	0
21107	C0021775	1	1	0
21212	C0008677	2	1	0
21212	C0155804	2	1	0
21212	C0694549	2	1	0
21212	C0013295	1	1	0
21212	C0026918	1	1	0
21212	C0031350	1	1	0
21212	C0037278	1	1	0
21212	C0038395	1	1	0
21212	C0040425	1	1	0
21212	C0271429	1	1	0
21232;2356	C0014356	1	0	1
21232;2356	C0022104	1	0	1
214354	C0018802	1	0	1
214354	C0020538	1	0	1
214555	C0003872	1	0	1
214555	C0003873	1	0	1
214555	C0038013	1	0	1
214555	C0406317	1	0	1
214555	C0553662	1	0	1
214582	C0026769	1	0	1
214582	C0751967	1	0	1
214824	C0403447	1	0	1
2176	C0010692	1	0	1
2176	C0021311	1	0	1
2176	C0029882	1	0	1
2176	C0031350	1	0	1
2176	C0032285	1	0	1
2176	C0034186	1	0	1
2176	C0035243	1	0	1
2176	C0037278	1	0	1
2176	C0038395	1	0	1
2176	C0040425	1	0	1
2176	C0042029	1	0	1
2177	C0021311	1	0	1
2177	C0031350	1	0	1
2177	C0035436	1	0	1
2177	C0037278	1	0	1
2177	C0040425	1	0	1
2177	C0042029	1	0	1
2193	C0018081	1	1	0
2193	C0025289	1	1	0
2193	C0029443	1	1	0
2193	C0037278	1	1	0
2193	C0042029	1	1	0
2193	C0149725	1	1	0
2193	C0157749	1	1	0
2193	C0242172	1	1	0
2193	C0271429	1	1	0
2193	C0392618	1	1	0
2193	C0684256	1	1	0
2193	C1112209	1	1	0
2194	C0008677	1	1	0
2194	C0017677	1	1	0
2194	C0018081	1	1	0
2194	C0024198	1	1	0
2194	C0031350	1	1	0
2194	C0037278	1	1	0
2194	C0040425	1	1	0
2194	C0042029	1	1	0
2194	C0149514	1	1	0
2194	C0155804	1	1	0
2194	C0271429	1	1	0
2194	C0442886	1	1	0
21949	C0037763	1	1	0
221147	C0009806	2	0	1
2231	C0029882	1	1	0
2231	C0035243	1	1	0
2231	C0149524	1	1	0
2231	C2242472	1	1	0
224905	C0006142	1	0	1
224905	C0278701	1	0	1
224905	C0334277	1	0	1
228476	C0009768	1	0	1
228476	C0032269	1	0	1
228783	C0149931	1	0	1
228790	C0005001	1	1	0
228790	C0341742	1	1	0
231049	C0149931	1	0	1
233698	C0004238	1	1	0
233698	C2585653	1	1	0
2353	C0003469	1	1	0
2353	C0014544	1	1	0
2353	C0236663	1	1	0
2353	C0751495	1	1	0
2356	C0003469	1	0	1
2356	C0087169	1	0	1
2356	C0699757	1	0	1
236778	C0878773	2	0	1
236778	C0150045	1	0	1
237159	C0006266	1	1	0
237159	C0600260	1	1	0
2400	C0018621	1	0	1
2400	C0020517	1	0	1
2400	C0033774	1	0	1
2400	C0037383	1	0	1
2400	C0152227	1	0	1
2400	C1260880	1	0	1
2400	C2607914	1	0	1
2403	C0005586	1	1	0
2403	C0019521	1	1	0
2403	C0027497	1	1	0
2403	C0036341	1	1	0
2403	C0039614	1	1	0
2403	C0042963	1	1	0
2403	C0085631	1	1	0
2403	C0149654	1	1	0
2403	C0162565	1	1	0
2403	C0260653	1	1	0
2403	C0338831	1	1	0
2403	C0424295	1	1	0
2409	C0013604	2	1	0
2409	C0018802	2	1	0
2409	C0020538	2	1	0
2409	C0023890	2	1	0
2447	C0004153	1	0	1
2447	C0010054	1	0	1
2447	C0020443	1	0	1
2447	C0020476	1	0	1
2447	C0020557	1	0	1
2447	C0033774	1	0	1
2447	C0342879	1	0	1
2447	C0400979	1	0	1
24605	C0003873	1	1	0
24605	C0029408	1	1	0
24605	C0553662	1	1	0
24947	C0162316	1	0	1
24947	C0240066	1	0	1
25025	C0005001	2	1	0
25025	C0162311	1	1	0
25033	C0008677	1	0	1
25033	C0018081	1	0	1
25033	C0029882	1	0	1
25033	C0031350	1	0	1
25033	C0035436	1	0	1
25033	C0040425	1	0	1
25033	C0042029	1	0	1
25033	C0149514	1	0	1
25037	C0008677	1	1	0
25037	C0031350	1	1	0
25037	C0037278	1	1	0
25037	C0040425	1	1	0
25037	C0155804	1	1	0
25037	C0694549	1	1	0
25255	C0008677	2	0	1
25255	C0013990	2	0	1
25255	C0024117	2	0	1
25255	C0004096	1	0	1
25255	C0006266	1	0	1
25255	C0015263	1	0	1
25255	C0600260	1	0	1
253337	C0007134	1	0	1
253337	C0009402	1	0	1
253337	C0017636	1	0	1
253337	C0027627	1	0	1
253337	C0149925	1	0	1
253337	C0277562	1	0	1
253337	C1384494	1	0	1
2541	C0013395	1	0	1
2541	C0018834	1	0	1
25480	C0032768	3	1	0
25480	C0014544	1	1	0
25480	C0035258	1	1	0
25480	C0751495	1	1	0
2551	C0013395	1	0	1
2551	C0018834	1	0	1
2551;3264	C0149948	1	0	1
2551;3264	C0271429	1	0	1
2556	C0011570	1	1	0
257844	C0149875	1	0	1
257844	C0278138	1	0	1
257844	C0278139	1	0	1
25789	C0011860	3	1	0
2582	C0014009	2	1	0
2582	C0014179	2	1	0
2582	C0024110	2	1	0
2582	C0030455	2	1	0
2582	C0030790	2	1	0
2582	C0031154	2	1	0
2582	C0032285	2	1	0
2582	C0035243	2	1	0
2582	C0036690	2	1	0
2582	C0037278	2	1	0
2582	C0041343	2	1	0
2582	C0042267	2	1	0
2582	C0085166	2	1	0
2582	C0149778	2	1	0
2582	C0243001	2	1	0
2582	C0404521	2	1	0
2582	C1112209	2	1	0
2582	C0001144	1	1	0
258494	C0006142	1	0	1
2590	C0037274	5	1	0
2590	C0406317	3	1	0
2590	C0406326	1	1	0
2596	C0002453	1	1	0
2596	C0032460	1	1	0
2596	C0232940	1	1	0
2597	C0028768	1	1	0
2598	C0001818	1	1	0
2598	C0014544	1	1	0
2598	C0014550	1	1	0
2598	C0014553	1	1	0
2598	C0030319	1	1	0
2598	C0238111	1	1	0
2598	C0347869	1	1	0
2598	C0595948	1	1	0
2599	C0020538	3	1	0
2599	C0006826	1	1	0
2599	C0027796	1	1	0
2599	C0278140	1	1	0
2599	C1263846	1	1	0
260101	C0021400	1	1	0
26225	C0027497	3	1	0
26225	C0042963	3	1	0
26225	C0520904	2	1	0
2623	C0040259	10	0	1
2623	C0033774	9	0	1
2623	C0040247	8	0	1
2623	C0040252	4	0	1
2623	C0040253	4	0	1
2623	C0234233	4	0	1
2623	C0026946	3	0	1
2623	C0006840	2	0	1
2623	C1384589	2	0	1
2623	C0033778	1	0	1
2623	C0037278	1	0	1
2623	C0041834	1	0	1
2623	C0152030	1	0	1
2623	C0234215	1	0	1
2623	C0555972	1	0	1
2623	C0555974	1	0	1
2623	C0581909	1	0	1
26237	C0042963	2	0	1
26237	C0006826	1	0	1
26237	C0027497	1	0	1
2626	C0036337	1	1	0
2626	C0036341	1	1	0
2670	C0278138	2	1	0
2670	C0278140	2	1	0
2670	C0003469	1	1	0
2670	C0086132	1	1	0
2683	C0018099	2	1	0
2683	C0031069	1	1	0
2685	C0004153	1	0	1
2685	C0020443	1	0	1
2685	C0342879	1	0	1
27169	C0003873	1	0	1
274783	C0011854	1	0	1
274783	C0011860	1	0	1
274964	C0004096	1	0	1
274964	C0018621	1	0	1
274964	C0848309	1	0	1
275635	C0018621	3	0	1
275635	C0035457	3	0	1
275635	C0231918	2	0	1
275635	C0033774	1	0	1
275635	C0042109	1	0	1
275635	C0578870	1	0	1
275891	C0001175	1	0	1
275891	C0018799	1	0	1
275891	C0022658	1	0	1
275891	C0030286	1	0	1
275891	C0158945	1	0	1
275891	C0206178	1	0	1
28031	C0040261	2	1	0
28031	C0004030	1	1	0
28031	C0005716	1	1	0
28031	C0019655	1	1	0
28031	C0024115	1	1	0
28031	C0239295	1	1	0
28031	C0339964	1	1	0
28031	C0553694	1	1	0
28031	C1274470	1	1	0
28031	C2350529	1	1	0
281	C0019342	3	1	0
281	C0008049	2	1	0
281	C0019348	2	1	0
281	C0019360	2	1	0
281	C0019345	1	1	0
281	C0019372	1	1	0
281	C0276226	1	1	0
281	C1274321	1	1	0
282357	C0006142	1	0	1
282388	C0005699	1	1	0
282388	C0238198	1	1	0
282388	C0279543	1	1	0
282388	C0346421	1	1	0
282388	C0392784	1	1	0
282388	C1112486	1	1	0
282388	C1301355	1	1	0
282388	C1960397	1	1	0
283742	C0017168	2	1	0
283742	C0267055	2	1	0
283742	C0013295	1	1	0
283742	C0018834	1	1	0
283742	C0038358	1	1	0
283742	C0043515	1	1	0
283809	C0017612	1	0	1
283809	C0028840	1	0	1
283809	C0595921	1	0	1
283810	C0017612	1	0	1
283810	C0020678	1	0	1
283810	C0028840	1	0	1
283810	C0595921	1	0	1
283838	C0002871	2	0	1
283838	C0022661	2	0	1
28439	C0751495	2	1	0
28439	C0005586	1	1	0
28439	C0014544	1	1	0
28439	C0234533	1	1	0
28439	C0238111	1	1	0
28439	C0494475	1	1	0
28439	C0853193	1	1	0
28889	C0018621	2	0	1
28889	C0020517	2	0	1
28889	C0152227	2	0	1
28889	C1260880	2	0	1
28889	C0033774	1	0	1
28889	C0037383	1	0	1
29046	C0018801	1	1	0
29046	C0020538	1	1	0
29046	C0155626	1	1	0
298665	C0021368	1	0	1
298665	C0030193	1	0	1
298869	C0018802	2	0	1
298869	C0020538	2	0	1
298869	C0749225	2	0	1
298869	C0020649	1	0	1
298869	C0027051	1	0	1
298869	C0038454	1	0	1
298869	C0155626	1	0	1
3008	C0003873	1	0	1
3008	C0013238	1	0	1
3008	C0033860	1	0	1
3008	C0406317	1	0	1
30125	C0027404	1	1	0
30125	C0520679	1	1	0
30125	C0917799	1	1	0
3013	C0002792	1	1	0
3013	C0002994	1	1	0
3013	C0009766	1	1	0
3013	C0018621	1	1	0
3013	C0035457	1	1	0
3013	C0035460	1	1	0
3013	C0042109	1	1	0
3013	C0221207	1	1	0
3013	C0343065	1	1	0
3013	C1527304	1	1	0
301542	C0004153	3	1	0
301542	C0020473	3	1	0
301542	C0020479	3	1	0
301542	C0020557	3	1	0
301542	C0242339	3	1	0
301542	C0020445	2	1	0
301542	C0027051	1	1	0
301542	C0038454	1	1	0
301542	C0342881	1	1	0
301542	C0342882	1	1	0
302379	C0004096	1	0	1
302379	C1960048	1	0	1
306674	C0242350	1	1	0
3102	C0002994	1	0	1
3102	C0014175	1	0	1
3102	C0016034	1	0	1
3102	C0019243	1	0	1
3102	C0030193	1	0	1
3102	C0234233	1	0	1
3108	C0001144	2	0	1
3108	C0011608	1	0	1
3108	C0023343	1	0	1
31448	C0003873	1	1	0
31448	C0029408	1	1	0
31476	C0040252	2	0	1
31476	C0040259	2	0	1
31476	C1384589	2	0	1
31476	C0014531	1	0	1
31555	C0020538	2	1	0
31565	C0011570	1	0	1
31565	C0024517	1	0	1
31565	C0349217	1	0	1
31565	C1269683	1	0	1
31819	C0011991	1	0	1
31819	C0017536	1	0	1
318341	C0007137	1	0	1
318341	C0009402	1	0	1
318341	C0278996	1	0	1
318341	C0302592	1	0	1
321064	C0020538	2	1	0
321952	C0011615	1	0	1
321988	C0270549	1	1	0
321988	C1269683	1	1	0
322167	C0150045	1	1	0
322167	C0878773	1	1	0
3247	C0011570	2	1	0
3251	C0032617	3	0	1
3251	C0085602	3	0	1
3251	C0018674	2	0	1
3251	C0687720	2	0	1
3251	C1260880	2	0	1
3251	C0011848	1	0	1
3251	C0018924	1	0	1
3251	C0019069	1	0	1
3251	C0019080	1	0	1
3251	C0028734	1	0	1
3251	C0035459	1	0	1
3251	C0042974	1	0	1
3251	C0270327	1	0	1
3251	C0333641	1	0	1
3251	C0473767	1	0	1
3255	C0037274	2	0	1
325646	C0020538	1	1	0
32613	C0003873	1	0	1
32613	C0029408	1	0	1
32613	C0553662	1	0	1
32624	C0014544	2	1	0
32624	C0751495	2	1	0
3264	C0001403	1	1	0
3264	C0001622	1	1	0
3264	C0001627	1	1	0
3264	C0002879	1	1	0
3264	C0003872	1	1	0
3264	C0003873	1	1	0
3264	C0004096	1	1	0
3264	C0005138	1	1	0
3264	C0006114	1	1	0
3264	C0009324	1	1	0
3264	C0009766	1	1	0
3264	C0010346	1	1	0
3264	C0010543	1	1	0
3264	C0011606	1	1	0
3264	C0011608	1	1	0
3264	C0011615	1	1	0
3264	C0011616	1	1	0
3264	C0011633	1	1	0
3264	C0013604	1	1	0
3264	C0014130	1	1	0
3264	C0014742	1	1	0
3264	C0017178	1	1	0
3264	C0018621	1	1	0
3264	C0018939	1	1	0
3264	C0020437	1	1	0
3264	C0020517	1	1	0
3264	C0021368	1	1	0
3264	C0022081	1	1	0
3264	C0022658	1	1	0
3264	C0023418	1	1	0
3264	C0024141	1	1	0
3264	C0024299	1	1	0
3264	C0026769	1	1	0
3264	C0026948	1	1	0
3264	C0029077	1	1	0
3264	C0030807	1	1	0
3264	C0033687	1	1	0
3264	C0034902	1	1	0
3264	C0035204	1	1	0
3264	C0035435	1	1	0
3264	C0035440	1	1	0
3264	C0035854	1	1	0
3264	C0036830	1	1	0
3264	C0037274	1	1	0
3264	C0038013	1	1	0
3264	C0038325	1	1	0
3264	C0040147	1	1	0
3264	C0040896	1	1	0
3264	C0041318	1	1	0
3264	C0041327	1	1	0
3264	C0042164	1	1	0
3264	C0043117	1	1	0
3264	C0085655	1	1	0
3264	C0149896	1	1	0
3264	C0153027	1	1	0
3264	C0154301	1	1	0
3264	C0259799	1	1	0
3264	C0271738	1	1	0
3264	C0339289	1	1	0
3264	C0409974	1	1	0
3264	C0553662	1	1	0
3264	C0848309	1	1	0
3264	C1260899	1	1	0
3264	C1704321	1	1	0
3264	C1956391	1	1	0
32675	C0878773	3	1	0
32675	C0005697	1	1	0
32675	C0080178	1	1	0
3288	C0027404	2	1	0
3288	C1263846	2	1	0
3289	C0010200	3	0	1
3289	C0009443	2	0	1
3289	C0700184	2	0	1
32915	C0029456	1	0	1
32926	C0011991	1	0	1
32937	C0024517	2	1	0
32937	C0028768	2	1	0
32937	C0030319	2	1	0
32937	C0270549	2	1	0
32937	C1269683	2	1	0
32937	C0031572	1	1	0
32968	C0002965	2	1	0
32968	C0022116	2	1	0
32968	C0027051	2	1	0
32968	C0038454	2	1	0
32968	C0948008	2	1	0
32968	C0948089	2	1	0
32968	C1704436	2	1	0
32968	C0155626	1	1	0
33199	C0030757	1	0	1
3322	C0001957	1	1	0
3322	C0003469	1	1	0
3322	C0014544	1	1	0
3322	C0026838	1	1	0
3322	C0036572	1	1	0
3322	C0037763	1	1	0
3322	C0040822	1	1	0
3322	C0085631	1	1	0
3322	C0233777	1	1	0
3322	C0234533	1	1	0
3322	C0236663	1	1	0
3322	C0751495	1	1	0
3355	C0029408	3	1	0
3355	C0003873	2	1	0
3355	C0038013	2	1	0
3355	C0009938	1	1	0
3355	C0021368	1	1	0
3355	C0022602	1	1	0
3355	C0030193	1	1	0
3355	C0038045	1	1	0
3355	C0080194	1	1	0
3355	C0149931	1	1	0
3355	C0184567	1	1	0
3355	C0236018	1	1	0
3355	C0278138	1	1	0
3355	C0278139	1	1	0
3355	C0409959	1	1	0
3356	C0038160	1	1	0
3361	C0022104	1	1	0
33738	C0011860	2	0	1
337525	C0007131	1	1	0
337525	C0346647	1	1	0
337525	C0346976	1	1	0
338036	C0746883	1	0	1
338036	C2939461	1	0	1
3389	C1281429	2	1	0
3393	C0003873	1	0	1
3393	C0029408	1	0	1
3393	C0278138	1	0	1
3393	C0278139	1	0	1
3407	C0004238	1	0	1
3407	C0018802	1	0	1
3407	C0694539	1	0	1
341248	C0020443	1	0	1
341248	C0020445	1	0	1
341248	C0020473	1	0	1
341248	C0020474	1	0	1
341248	C0342907	1	0	1
341248	C1997208	1	0	1
3423	C0278139	5	1	0
3423	C0278140	5	1	0
3423	C0030193	3	1	0
342369	C0002871	1	1	0
342369	C0026764	1	1	0
342369	C0026986	1	1	0
34347	C0033774	7	0	1
34347	C0030193	3	0	1
34347	C0019112	2	0	1
34347	C0000925	1	0	1
34347	C0006434	1	0	1
34347	C0013595	1	0	1
34347	C0152030	1	0	1
3443	C0002962	2	1	0
3443	C0010073	2	1	0
3443	C0699826	2	1	0
3443	C0003811	1	1	0
3443	C0004238	1	1	0
3443	C0004239	1	1	0
3443	C0020538	1	1	0
3443	C0030590	1	1	0
3443	C0039232	1	1	0
3443	C0242514	1	1	0
3443	C1281999	1	1	0
3444	C0012833	1	0	1
3444	C0026603	1	0	1
3444	C0027497	1	0	1
3444	C0042963	1	0	1
3478	C0000814	1	0	1
3478	C0549315	1	0	1
3478	C2931618	1	0	1
3498	C0020517	4	0	1
3498	C0033774	4	0	1
3498	C0009443	3	0	1
3498	C0018621	3	0	1
3498	C0037383	3	0	1
3498	C0917801	3	0	1
3498	C1260880	3	0	1
3498	C0000925	2	0	1
3498	C0006434	2	0	1
3498	C0021564	2	0	1
3498	C0030193	2	0	1
3498	C0152227	2	0	1
3498	C0393760	2	0	1
3498	C0010200	1	0	1
3498	C0015230	1	0	1
3498	C0027424	1	0	1
3498	C0038814	1	0	1
3498	C0041912	1	0	1
3498	C0152030	1	0	1
3498	C0700184	1	0	1
35208	C0002994	1	0	1
35208	C0018802	1	0	1
35208	C0020538	1	0	1
3521	C1956346	2	1	0
3521	C0032787	1	1	0
352372	C1263846	1	1	0
35296	C0020538	4	1	0
35296	C0027051	3	1	0
35296	C0038454	2	1	0
35296	C0018802	1	1	0
354770	C0010346	1	1	0
354770	C0026769	1	1	0
3554	C0001973	1	0	1
35619	C0011991	1	1	0
35619	C0019151	1	1	0
35623	C0002736	1	0	1
35636	C0036341	3	1	0
35636	C0853193	3	1	0
35636	C0004352	2	1	0
35636	C0338831	2	1	0
35636	C0349208	2	1	0
35636	C0005586	1	1	0
356887	C0018621	2	1	0
356887	C0035457	2	1	0
356887	C0578870	2	1	0
357977	C0007134	1	0	1
357977	C0027627	1	0	1
357977	C0206754	1	0	1
357977	C0238198	1	0	1
358255	C0027497	1	0	1
358255	C0042963	1	0	1
358255	C0520909	1	0	1
358258	C0026764	1	0	1
358258	C0334634	1	0	1
358263	C0242350	2	1	0
358263	C0005001	1	1	0
358263	C0152171	1	1	0
35827	C0278140	3	1	0
35827	C0021368	2	1	0
35827	C0022281	1	1	0
35827	C0030193	1	1	0
35827	C0151827	1	1	0
35827	C0184567	1	1	0
35827	C0278139	1	1	0
35827	C0339164	1	1	0
35827	C1135120	1	1	0
35829	C0002962	1	0	1
36108	C0003873	1	0	1
36108	C0029408	1	0	1
36108	C0035435	1	0	1
36117	C0004096	1	0	1
36117	C0006266	1	0	1
36117	C0015263	1	0	1
36117	C0024117	1	0	1
36345	C0423775	7	0	1
36345	C0033774	4	0	1
36345	C0036508	4	0	1
36345	C0040262	2	0	1
36345	C0240941	1	0	1
3638	C0001973	1	1	0
3638	C0003469	1	1	0
3638	C0005586	1	1	0
3638	C0011570	1	1	0
3638	C0011574	1	1	0
3638	C0011581	1	1	0
3638	C0011615	1	1	0
3638	C0027932	1	1	0
3638	C0033774	1	1	0
3638	C0149922	1	1	0
3638	C0917801	1	1	0
36387	C0009806	2	0	1
3640	C0266929	3	1	0
3640	C0001144	1	1	0
3640	C0001261	1	1	0
3640	C0003175	1	1	0
3640	C0004771	1	1	0
3640	C0006309	1	1	0
3640	C0006818	1	1	0
3640	C0007947	1	1	0
3640	C0008354	1	1	0
3640	C0009770	1	1	0
3640	C0017575	1	1	0
3640	C0018081	1	1	0
3640	C0018190	1	1	0
3640	C0023860	1	1	0
3640	C0024286	1	1	0
3640	C0029291	1	1	0
3640	C0032064	1	1	0
3640	C0034362	1	1	0
3640	C0035021	1	1	0
3640	C0035243	1	1	0
3640	C0035597	1	1	0
3640	C0035793	1	1	0
3640	C0035854	1	1	0
3640	C0037278	1	1	0
3640	C0039128	1	1	0
3640	C0040592	1	1	0
3640	C0041351	1	1	0
3640	C0041471	1	1	0
3640	C0041912	1	1	0
3640	C0042029	1	1	0
3640	C0043388	1	1	0
3640	C0152499	1	1	0
3640	C0155866	1	1	0
3640	C0241893	1	1	0
3640	C0311389	1	1	0
3642	C0018621	1	0	1
3642	C0020517	1	0	1
3642	C0033774	1	0	1
3642	C0037383	1	0	1
3642	C0152227	1	0	1
3642	C0393760	1	0	1
3642	C1260880	1	0	1
36437	C0024517	2	1	0
36437	C1269683	2	1	0
36437	C0028768	1	1	0
36437	C0030319	1	1	0
36437	C0031572	1	1	0
36437	C0038436	1	1	0
36437	C0520676	1	1	0
36514	C0028754	1	1	0
36567	C0020443	2	1	0
36567	C0020473	2	1	0
36567	C0020479	2	1	0
36567	C0020557	2	1	0
36567	C0027051	2	1	0
36567	C0038454	2	1	0
36567	C0242339	2	1	0
36567	C0010068	1	1	0
36567	C0020445	1	1	0
36567	C0342879	1	1	0
36567	C0342881	1	1	0
36567	C0342882	1	1	0
36676	C0013395	1	0	1
36676	C0018834	1	0	1
37418	C0149931	3	1	0
37418	C0009088	2	1	0
37798	C0020538	1	1	0
37798	C1704272	1	1	0
37801	C0033774	2	0	1
37801	C0040247	1	0	1
37801	C0040252	1	0	1
37801	C0040253	1	0	1
37801	C0040259	1	0	1
37801	C1384589	1	0	1
37925	C0043096	1	0	1
37925	C0497406	1	0	1
3827	C0018802	1	1	0
3827	C0020538	1	1	0
3827	C0242698	1	1	0
38400	C1263846	1	1	0
38404	C0014544	1	1	0
38404	C0036572	1	1	0
38404	C0494475	1	1	0
38404	C0751495	1	1	0
38574	C0003469	1	0	1
38574	C0087169	1	0	1
38574	C0917801	1	0	1
38685	C0017160	2	0	1
38685	C0027497	2	0	1
38685	C0042963	2	0	1
38685	C0520904	2	0	1
39786	C1269683	4	1	0
39786	C0031572	2	1	0
39786	C0030319	1	1	0
39786	C0221480	1	1	0
39786	C0270549	1	1	0
3992	C0002994	3	0	1
3992	C0004096	3	0	1
3992	C0018790	3	0	1
3992	C0020517	3	0	1
3992	C0039070	3	0	1
3992	C0001396	2	0	1
3992	C0002792	2	0	1
3992	C0004245	2	0	1
3992	C0006266	2	0	1
3992	C0036572	2	0	1
3992	C0036830	2	0	1
3992	C0042109	2	0	1
3992	C0151517	2	0	1
3992	C0340865	2	0	1
3992	C0476273	2	0	1
3992	C0013182	1	0	1
3992	C0017612	1	0	1
3992	C0018621	1	0	1
3992	C0023066	1	0	1
3992	C0035455	1	0	1
3992	C0043144	1	0	1
3992	C0079626	1	0	1
3992	C0149512	1	0	1
3992	C0232292	1	0	1
3992	C0413235	1	0	1
3992	C0700148	1	0	1
3992	C1140999	1	0	1
3992	C1527304	1	0	1
3992	C1527401	1	0	1
39993	C0917801	3	1	0
39998	C0014544	1	1	0
39998	C0751495	1	1	0
40114	C0020538	1	1	0
40114	C1263846	1	1	0
40254	C0014553	4	1	0
40254	C0036572	4	1	0
40254	C0014544	3	1	0
40254	C0270834	3	1	0
40254	C0005586	1	1	0
40254	C0149931	1	1	0
40254	C0149958	1	1	0
40254	C0338831	1	1	0
40254	C0349208	1	1	0
40254	C0853193	1	1	0
4053	C0001144	1	1	0
4053	C0007939	1	1	0
4053	C0008149	1	1	0
4053	C0009763	1	1	0
4053	C0012546	1	1	0
4053	C0013370	1	1	0
4053	C0014752	1	1	0
4053	C0015403	1	1	0
4053	C0018081	1	1	0
4053	C0023860	1	1	0
4053	C0029076	1	1	0
4053	C0031350	1	1	0
4053	C0032285	1	1	0
4053	C0035243	1	1	0
4053	C0035436	1	1	0
4053	C0036689	1	1	0
4053	C0037278	1	1	0
4053	C0040425	1	1	0
4053	C0043167	1	1	0
4053	C0149959	1	1	0
4053	C0311389	1	1	0
40790	C0017168	2	1	0
40790	C0043515	2	1	0
40790	C0267055	2	1	0
407990	C0020437	2	0	1
407990	C0020503	2	0	1
407990	C0022661	2	0	1
407990	C0687150	2	0	1
407990	C0221002	1	0	1
4083	C0236075	6	0	1
4083	C0241616	6	0	1
4083	C0020619	3	0	1
4083	C0007097	2	0	1
4083	C0029456	2	0	1
4083	C0006142	1	0	1
4083	C0013394	1	0	1
4083	C0027627	1	0	1
4083	C0029453	1	0	1
4083	C0029458	1	0	1
4083	C0221392	1	0	1
4083	C0271606	1	0	1
4083	C0333641	1	0	1
41126	C0035457	2	1	0
41126	C2607914	2	1	0
41126	C0004096	1	1	0
41126	C0011615	1	1	0
41126	C0018621	1	1	0
41126	C0037274	1	1	0
41493	C0029408	4	1	0
41493	C0003873	3	1	0
41493	C0553662	2	1	0
41493	C0003864	1	1	0
42316	C0011615	1	0	1
42319	C0018834	2	0	1
42319	C0013295	1	0	1
42319	C0013395	1	0	1
42319	C0014868	1	0	1
42319	C0017168	1	0	1
42319	C0038358	1	0	1
42319	C0041582	1	0	1
42319	C0267075	1	0	1
42331	C0038358	1	1	0
42347	C1269683	3	1	0
42347	C0024517	2	1	0
42347	C0085159	1	1	0
42355	C0028768	3	0	1
42372	C0021099	1	1	0
42372	C0037284	1	1	0
42372	C0343401	1	1	0
42463	C0010068	2	1	0
42463	C0020473	2	1	0
42463	C0020479	2	1	0
42463	C0027051	2	1	0
42463	C0242339	2	1	0
42463	C0342879	2	1	0
42463	C0007222	1	1	0
42463	C0020557	1	1	0
42463	C0342882	1	1	0
42612	C0033774	2	0	1
42612	C0000737	1	0	1
42612	C0004096	1	0	1
42612	C0009773	1	0	1
42612	C0011991	1	0	1
42612	C0016382	1	0	1
42612	C0018621	1	0	1
42612	C0018681	1	0	1
42612	C0020517	1	0	1
42612	C0022568	1	0	1
42612	C0022577	1	0	1
42612	C0024899	1	0	1
42612	C0027497	1	0	1
42612	C0037383	1	0	1
42612	C0042109	1	0	1
42612	C0042963	1	0	1
42612	C0231918	1	0	1
4278	C0013295	1	0	1
4278	C0013395	1	0	1
4278	C0014868	1	0	1
4278	C0017168	1	0	1
4278	C0018834	1	0	1
4278	C0027662	1	0	1
4278	C0038358	1	0	1
4278	C0041582	1	0	1
4278	C0043515	1	0	1
4316	C0020538	1	1	0
4337	C0278139	2	0	1
4337	C0278140	2	0	1
4337	C0006826	1	0	1
4337	C0030193	1	0	1
4337	C0030201	1	0	1
4337	C0184567	1	0	1
4337	C1135120	1	0	1
435	C0006266	3	1	0
435	C0600260	3	1	0
435	C0015263	1	1	0
435;7213	C0006266	3	0	1
435;7213	C0024117	3	0	1
43611	C0017612	1	0	1
43611	C0028840	1	0	1
43611	C0595921	1	0	1
44281	C0043352	1	0	1
4441	C0004239	1	1	0
4441	C0039232	1	1	0
4441	C0039240	1	1	0
4441	C0085612	1	1	0
4441	C0340477	1	1	0
4441	C0750197	1	1	0
4450	C0006840	2	1	0
4450	C0031154	2	1	0
4450	C0032285	2	1	0
4450	C0085436	2	1	0
4450	C0153252	2	1	0
4450	C0239295	2	1	0
4450	C0877445	2	1	0
4450	C0001175	1	1	0
4450	C0042029	1	1	0
4450	C0553694	1	1	0
4452	C0001403	1	0	1
4452	C0271738	1	0	1
4452	C0302280	1	0	1
4462	C0037274	3	0	1
4492	C0022602	2	0	1
4492	C1274598	2	0	1
4492	C0007097	1	0	1
4492	C0007117	1	0	1
4492	C0022593	1	0	1
4493	C1269683	3	1	0
4493	C0001818	2	1	0
4493	C0006370	2	1	0
4493	C0028768	2	1	0
4493	C0030319	2	1	0
4493	C0042963	2	1	0
4493	C0520676	1	1	0
4493	C0853193	1	1	0
4496	C0033975	1	0	1
4496	C0221765	1	0	1
4501	C0917801	1	0	1
4502	C0003873	1	0	1
4502	C0026205	1	0	1
4502	C0029408	1	0	1
4511	C0002871	1	1	0
4511	C0002888	1	1	0
4511	C0016412	1	1	0
4511	C0162429	1	1	0
4603	C0013604	2	1	0
4603	C0018802	1	1	0
4603	C0020538	1	1	0
4603	C0022658	1	1	0
4603	C0023890	1	1	0
4603	C0027726	1	1	0
4603	C0155919	1	1	0
461016	C0917801	1	0	1
4637	C0002395	1	1	0
4637	C0011265	1	1	0
4719	C0010068	1	1	0
4719	C0020473	1	1	0
4719	C0020480	1	1	0
4719	C0030305	1	1	0
4719	C2585575	1	1	0
475342	C0023473	1	0	1
475342	C0031526	1	0	1
475342	C0085669	1	0	1
475342	C1961102	1	0	1
480167	C0006142	1	0	1
4815	C0011860	2	1	0
4821	C0011860	2	1	0
4821	C0011849	1	1	0
4821	C0020456	1	1	0
4832	C0020615	2	0	1
4832	C0011849	1	0	1
484348	C0020557	1	0	1
4917	C0002962	3	1	0
4917	C0018802	1	1	0
4917	C0020538	1	1	0
4917	C0020649	1	1	0
4917	C0155626	1	1	0
4917	C0278139	1	1	0
4917	C0278140	1	1	0
4917	C0349071	1	1	0
49247	C0004238	1	0	1
49247	C0004239	1	0	1
49247	C0155709	1	0	1
49276	C0005001	1	1	0
49276	C0020538	1	1	0
49276	C0600039	1	1	0
49276	C1704272	1	1	0
4955	C0030920	2	1	0
4955	C0007789	1	1	0
4955	C0013132	1	1	0
4955	C0428977	1	1	0
4955	C0700323	1	1	0
495881	C0007134	1	0	1
495881	C2239176	1	0	1
50166	C0002994	1	0	1
50166	C0018802	1	0	1
50166	C0020538	1	0	1
5021	C0040247	1	1	0
5021	C0040250	1	1	0
5021	C0040252	1	1	0
5021	C0040259	1	1	0
5021	C0040261	1	1	0
5021	C1384589	1	1	0
5021	C2349994	1	1	0
5032	C0010200	4	0	1
5032	C0242073	2	0	1
5032	C0009443	1	0	1
5093	C0036341	2	1	0
5093	C0040188	2	1	0
5093	C0040517	2	1	0
5093	C0033975	1	1	0
5093	C0260653	1	1	0
51272	C0005586	4	1	0
51272	C0036341	4	1	0
51272	C0338831	4	1	0
51272	C0853193	4	1	0
51272	C0236788	3	1	0
51272	C0012634	1	1	0
51272	C0349208	1	1	0
51272	C1269683	1	1	0
51428	C0011849	1	0	1
519	C0023418	1	1	0
519	C0024299	1	1	0
519	C0027651	1	1	0
519	C0042018	1	1	0
519	C0149896	1	1	0
519	C0409908	1	1	0
52175	C0011860	1	1	0
52175	C0011881	1	1	0
52175	C0020538	1	1	0
52175	C0022658	1	1	0
52175	C0038454	1	1	0
52175	C0149721	1	1	0
52175	C2316810	1	1	0
52582	C0009324	5	1	0
52582	C0033246	1	1	0
52582	C0033252	1	1	0
52582	C2937222	1	1	0
5470	C0085580	2	1	0
5487	C0020538	2	1	0
5487	C0013604	1	1	0
5487	C0020461	1	1	0
5492	C0033774	12	0	1
5492	C0015230	9	0	1
5492	C0021368	6	0	1
5492	C0021564	5	0	1
5492	C0013595	4	0	1
5492	C0152030	4	0	1
5492	C0036508	3	0	1
5492	C0033775	2	0	1
5492	C0033777	2	0	1
5492	C0033860	2	0	1
5492	C0011974	1	0	1
5492	C0032343	1	0	1
5521	C0003873	1	1	0
5521	C0024138	1	1	0
5521	C0024537	1	1	0
5553	C0003469	2	1	0
5553	C0233494	2	1	0
5553	C0001957	1	1	0
5553	C0001973	1	1	0
5553	C0027497	1	1	0
5553	C0027932	1	1	0
5553	C0033774	1	1	0
5553	C0042963	1	1	0
5553	C0085631	1	1	0
5553	C0087169	1	1	0
5553	C0677660	1	1	0
5640	C0015967	4	0	1
5640	C0009443	3	0	1
5640	C0018681	3	0	1
5640	C0030193	3	0	1
5640	C0040460	3	0	1
5640	C0234238	3	0	1
5640	C0003864	2	0	1
5640	C0004604	2	0	1
5640	C0003873	1	0	1
5640	C0013390	1	0	1
5640	C0021400	1	0	1
5640	C0026821	1	0	1
5640	C0029408	1	0	1
5640	C0031350	1	0	1
5640	C0149875	1	0	1
5640	C0149931	1	0	1
5640	C0278138	1	0	1
5640	C0278139	1	0	1
5640	C0553662	1	0	1
56512	C0020461	2	1	0
5691	C0011570	2	1	0
5691	C0011573	2	1	0
5691	C0270327	1	1	0
56946	C0007097	2	0	1
56946	C0006142	1	0	1
56946	C0027627	1	0	1
56946	C0027651	1	0	1
56946	C0262584	1	0	1
56946	C0276535	1	0	1
56946	C0678222	1	0	1
57258	C0026838	1	1	0
5764	C0018802	2	0	1
5764	C0020538	2	0	1
5764	C0268000	2	0	1
5781	C0003873	2	1	0
5781	C0006444	2	1	0
5781	C0029408	2	1	0
5781	C0038013	2	1	0
5781	C0039503	2	1	0
5781	C0013274	1	1	0
5781	C0149896	1	1	0
588250	C0016053	1	0	1
59078	C0184567	1	1	0
593411	C0011860	1	1	0
595060	C0242383	1	0	1
595060	C0271051	1	0	1
595060	C0730285	1	0	1
596	C0001818	3	1	0
596	C0030319	3	1	0
596	C0003469	2	1	0
596	C0011581	1	1	0
596	C0270549	1	1	0
596	C0338908	1	1	0
596205	C0235162	1	0	1
596205	C0917801	1	0	1
598	C0242350	3	0	1
598	C0003492	1	0	1
598	C0013274	1	0	1
598	C0018798	1	0	1
598	C0034089	1	0	1
598	C0039685	1	0	1
598	C0152419	1	0	1
598	C0242855	1	0	1
598	C0243002	1	0	1
59839	C0019345	1	0	1
59839	C1274321	1	0	1
59943	C0009663	2	0	1
59943	C0022602	2	0	1
59943	C0343730	2	0	1
59943	C0027651	1	0	1
59943	C0862889	1	0	1
60212	C0032305	1	0	1
60223	C0001144	1	0	1
6038	C0019693	1	1	0
6038	C0037116	1	1	0
6038	C0041296	1	1	0
6038	C0151332	1	1	0
60548	C0011860	2	0	1
6057	C0002962	1	1	0
6057	C0017601	1	1	0
6057	C0595921	1	1	0
6064	C1274727	1	1	0
6069	C0029001	1	1	0
6069	C0030757	1	1	0
6069	C0348997	1	1	0
612;6581	C0013395	2	0	1
612;6581	C0018834	2	0	1
612;6581	C0014869	1	0	1
612;6581	C0017152	1	0	1
612;6581	C0019284	1	0	1
612;6581	C0030920	1	0	1
612;6581	C0151713	1	0	1
613391	C0002965	1	1	0
613391	C0027051	1	1	0
613391	C0038454	1	1	0
613391	C0040053	1	1	0
613391	C0948089	1	1	0
6135	C0033774	1	0	1
6135	C0423775	1	0	1
61381	C0036341	4	1	0
61381	C0338831	3	1	0
61381	C0349208	3	1	0
61381	C0853193	3	1	0
61381	C0085631	2	1	0
6142	C0003873	1	1	0
6142	C0029408	1	1	0
6142	C0030193	1	1	0
6142	C0149875	1	1	0
614391	C0003873	1	0	1
614391	C0553662	1	0	1
6146	C0020517	1	0	1
618278	C0035854	1	0	1
618278	C0041834	1	0	1
618278	C1998083	1	0	1
620	C0021400	1	1	0
620	C0030567	1	1	0
620	C0030568	1	1	0
620	C0030569	1	1	0
620	C0042769	1	1	0
620	C0242422	1	1	0
620	C0877854	1	1	0
6218	C0009806	1	1	0
6218	C0019151	1	1	0
6218	C0401149	1	1	0
623033	C0009806	1	1	0
623033	C0022104	1	1	0
623033	C0267509	1	1	0
623400	C0751495	1	0	1
62427	C0008312	1	1	0
62427	C0008350	1	1	0
6313	C0002888	1	0	1
6313	C0009402	1	0	1
6313	C0029463	1	0	1
6387	C0030193	13	0	1
6387	C0006434	8	0	1
6387	C0033774	6	0	1
6387	C0021564	5	0	1
6387	C0000925	4	0	1
6387	C0038814	3	0	1
6387	C0085612	2	0	1
6387	C0152030	2	0	1
6387	C0155626	2	0	1
6387	C1302752	2	0	1
6387	C0003811	1	0	1
6387	C0013595	1	0	1
6387	C0015230	1	0	1
6387	C0016167	1	0	1
6387	C0016927	1	0	1
6387	C0019112	1	0	1
6387	C0032768	1	0	1
6387	C0033775	1	0	1
6387	C0033778	1	0	1
6387	C0037274	1	0	1
6387	C0041976	1	0	1
6387	C0234233	1	0	1
641465	C0520679	1	1	0
641465	C0917799	1	1	0
642274	C0021099	1	0	1
642274	C1542646	1	0	1
6468	C0011991	1	0	1
6470	C0003469	2	1	0
6470	C0038220	1	1	0
6472	C0002965	1	1	0
6472	C0004153	1	1	0
6472	C0010054	1	1	0
6472	C0020443	1	1	0
6472	C0020445	1	1	0
6472	C0020557	1	1	0
6472	C0027051	1	1	0
6472	C0242339	1	1	0
6472	C0342879	1	1	0
6475	C0036341	1	0	1
6581	C0009806	2	0	1
6581	C0013395	1	0	1
6581	C0018834	1	0	1
6581	C0235309	1	0	1
6582	C0013395	1	0	1
6582	C0235309	1	0	1
662281	C0023472	1	0	1
662281	C0023473	1	0	1
662281	C1279296	1	0	1
6672	C0019911	1	0	1
6672	C0027583	1	0	1
6672	C0040954	1	0	1
6672	C0086227	1	0	1
6672	C0275524	1	0	1
6676	C0012833	1	0	1
6676	C0026603	1	0	1
6676	C0027497	1	0	1
6676	C0042963	1	0	1
6691	C0014173	1	1	0
6691	C0014175	1	1	0
6691	C0030193	1	1	0
6691	C0042134	1	1	0
6691	C0232940	1	1	0
6691	C0476089	1	1	0
6691	C1384494	1	1	0
6694	C0024530	1	0	1
6694	C0024537	1	0	1
6694	C0275518	1	0	1
6694	C1269831	1	0	1
6703	C0001175	2	0	1
6703	C0003123	2	0	1
6703	C0006625	2	0	1
6703	C0043096	2	0	1
6703	C0027627	1	0	1
6703	C0476089	1	0	1
6703	C0678222	1	0	1
67108	C0002965	1	1	0
67108	C0027051	1	1	0
67108	C0034065	1	1	0
67108	C0149871	1	1	0
6719	C0011265	1	0	1
6754	C0278139	2	1	0
6754	C0278140	2	1	0
6760	C0003469	1	0	1
679314	C0036341	2	0	1
679314	C0036337	1	0	1
6809	C0011860	3	1	0
68099	C0019342	1	1	0
68099	C0019345	1	1	0
68099	C1274321	1	1	0
6813	C0085281	3	1	0
6813	C0278139	2	1	0
6813	C0278140	2	1	0
6832	C0042029	2	0	1
6832	C0004659	1	0	1
6832	C0010692	1	0	1
6832	C0034186	1	0	1
6832	C0085697	1	0	1
6832	C0262421	1	0	1
6835	C0020550	2	1	0
6835	C0154143	1	1	0
68442	C0023467	1	0	1
68442	C0027947	1	0	1
68442	C0041582	1	0	1
68442	C0221023	1	0	1
68442	C0340970	1	0	1
68442	C0746883	1	0	1
68446	C0025500	1	0	1
68446	C0262584	1	0	1
6845	C0184567	1	1	0
6851	C0003873	1	1	0
6851	C0006142	1	1	0
6851	C0008493	1	1	0
6851	C0020217	1	1	0
6851	C0023418	1	1	0
6851	C0024305	1	1	0
6851	C0026948	1	1	0
6851	C0029463	1	1	0
6851	C0033860	1	1	0
6851	C0079773	1	1	0
6851	C0242379	1	1	0
6851	C0278996	1	1	0
6851	C0349557	1	1	0
6851	C0553662	1	1	0
6851	C1961102	1	1	0
6876	C0020538	1	0	1
6883	C0019080	1	0	1
6883	C0032797	1	0	1
689	C0004096	1	0	1
689	C0008677	1	0	1
689	C0013990	1	0	1
689	C0028778	1	0	1
689	C0746102	1	0	1
6901	C1263846	2	1	0
6901	C0027404	1	1	0
6901	C0041671	1	1	0
6901	C0270611	1	1	0
6902	C0037274	2	0	1
6902	C0001403	1	0	1
6902	C0001627	1	0	1
6902	C0002170	1	0	1
6902	C0002878	1	0	1
6902	C0003872	1	0	1
6902	C0003873	1	0	1
6902	C0004096	1	0	1
6902	C0005138	1	0	1
6902	C0006114	1	0	1
6902	C0009324	1	0	1
6902	C0010346	1	0	1
6902	C0011606	1	0	1
6902	C0011608	1	0	1
6902	C0011615	1	0	1
6902	C0011616	1	0	1
6902	C0011633	1	0	1
6902	C0014130	1	0	1
6902	C0014458	1	0	1
6902	C0014488	1	0	1
6902	C0014742	1	0	1
6902	C0015397	1	0	1
6902	C0017178	1	0	1
6902	C0018939	1	0	1
6902	C0020437	1	0	1
6902	C0020517	1	0	1
6902	C0020564	1	0	1
6902	C0022548	1	0	1
6902	C0022658	1	0	1
6902	C0023418	1	0	1
6902	C0023646	1	0	1
6902	C0024138	1	0	1
6902	C0024141	1	0	1
6902	C0024299	1	0	1
6902	C0026769	1	0	1
6902	C0026948	1	0	1
6902	C0027627	1	0	1
6902	C0027651	1	0	1
6902	C0027822	1	0	1
6902	C0029077	1	0	1
6902	C0029408	1	0	1
6902	C0030807	1	0	1
6902	C0033687	1	0	1
6902	C0034902	1	0	1
6902	C0035204	1	0	1
6902	C0035435	1	0	1
6902	C0035440	1	0	1
6902	C0035457	1	0	1
6902	C0036202	1	0	1
6902	C0036830	1	0	1
6902	C0038013	1	0	1
6902	C0038325	1	0	1
6902	C0039103	1	0	1
6902	C0039520	1	0	1
6902	C0040147	1	0	1
6902	C0040896	1	0	1
6902	C0041318	1	0	1
6902	C0041327	1	0	1
6902	C0042164	1	0	1
6902	C0085074	1	0	1
6902	C0085655	1	0	1
6902	C0149896	1	0	1
6902	C0149922	1	0	1
6902	C0154301	1	0	1
6902	C0178416	1	0	1
6902	C0271738	1	0	1
6902	C0274435	1	0	1
6902	C0333463	1	0	1
6902	C0392445	1	0	1
6902	C0409974	1	0	1
6902	C0553662	1	0	1
6902	C0750974	1	0	1
6902	C1260899	1	0	1
6902	C1290159	1	0	1
6902	C1704321	1	0	1
6902	C1882062	1	0	1
6902	C1956391	1	0	1
6902	C2004491	1	0	1
69120	C0006266	1	0	1
69120	C0008677	1	0	1
69120	C0013990	1	0	1
69120	C0024117	1	0	1
6915	C0152020	3	1	0
6915	C0267176	3	1	0
6915	C0017168	2	1	0
6915	C0027497	2	1	0
6915	C0042963	2	1	0
6915	C0003123	1	1	0
6915	C0018834	1	1	0
6915	C0151970	1	1	0
6915	C0341117	1	1	0
6915	C0520904	1	1	0
6916	C0020538	1	1	0
6918	C0002962	2	1	0
6918	C0020538	2	1	0
6918	C0018802	1	1	0
6918	C0027051	1	1	0
6918	C0155626	1	1	0
6922	C0035854	4	1	0
6922	C0085166	3	1	0
6922	C0042267	2	1	0
6922	C1622505	2	1	0
6922	C0004669	1	1	0
6922	C0006105	1	1	0
6922	C0007684	1	1	0
6922	C0014009	1	1	0
6922	C0014118	1	1	0
6922	C0014179	1	1	0
6922	C0023885	1	1	0
6922	C0024110	1	1	0
6922	C0025289	1	1	0
6922	C0031154	1	1	0
6922	C0032285	1	1	0
6922	C0037278	1	1	0
6922	C0041343	1	1	0
6922	C0041834	1	1	0
6922	C0149725	1	1	0
6922	C0243001	1	1	0
6922	C0269050	1	1	0
6922	C0392618	1	1	0
6922	C0404521	1	1	0
6922	C0684256	1	1	0
6922	C1112209	1	1	0
6926	C0085612	1	0	1
6926	C0750197	1	0	1
6932	C0040259	14	0	1
6932	C0033774	13	0	1
6932	C0040247	11	0	1
6932	C0040252	8	0	1
6932	C1384589	8	0	1
6932	C0040253	5	0	1
6932	C0011636	1	0	1
6932	C0018889	1	0	1
6932	C0037278	1	0	1
6932	C0234233	1	0	1
6932	C0404521	1	0	1
6932	C0423773	1	0	1
6960	C0002622	1	1	0
6964	C0001622	1	1	0
6964	C0020456	1	1	0
69749	C0020538	3	1	0
69749	C0018802	2	1	0
69749	C0023212	2	1	0
69749	C0027051	2	1	0
69749	C0242698	2	1	0
6980	C0001144	2	0	1
6980	C0002797	1	0	1
6980	C0013370	1	0	1
6980	C0015967	1	0	1
6980	C0018081	1	0	1
6980	C0021311	1	0	1
6980	C0022729	1	0	1
6980	C0025294	1	0	1
6980	C0029291	1	0	1
6980	C0034362	1	0	1
6980	C0035243	1	0	1
6980	C0035597	1	0	1
6980	C0037278	1	0	1
6980	C0038041	1	0	1
6980	C0041471	1	0	1
6980	C0266929	1	0	1
6980	C0311389	1	0	1
6980	C1274727	1	0	1
6984	C0020538	1	0	1
700810	C1263846	1	1	0
703	C0042510	2	1	0
703	C0042514	2	1	0
703	C0085612	1	1	0
704	C0011570	1	1	0
704	C0011573	1	1	0
7052	C0278140	9	0	1
7052	C0030193	7	0	1
7052	C0278139	5	0	1
7052	C0184567	4	0	1
7052	C0150055	3	0	1
7052	C0027051	2	0	1
7052	C0030201	2	0	1
7052	C0003469	1	0	1
7052	C0006826	1	0	1
7052	C0013404	1	0	1
7052	C0034063	1	0	1
7052	C0155919	1	0	1
7052	C0175677	1	0	1
709271	C0003873	1	0	1
709271	C0010346	1	0	1
709271	C0333516	1	0	1
720825	C0005001	1	0	1
7213	C1260880	2	0	1
7213	C0006266	1	0	1
7213	C0008677	1	0	1
7213	C0009443	1	0	1
7213	C0013990	1	0	1
7213	C0018621	1	0	1
7213	C0024117	1	0	1
7213	C0848309	1	0	1
7213	C2607914	1	0	1
72143	C0006142	1	0	1
72143	C0029456	1	0	1
7226	C0002962	1	0	1
7226	C0020538	1	0	1
723	C0031350	2	1	0
723	C0013295	1	1	0
723	C0018081	1	1	0
723	C0037278	1	1	0
723	C0040425	1	1	0
723	C0149725	1	1	0
723	C0555970	1	1	0
723	C0699744	1	1	0
723	C1279247	1	1	0
72302	C0030567	2	1	0
72302	C0035258	1	1	0
7243	C0001973	2	1	0
7243	C0085281	1	1	0
7243	C0524662	1	1	0
725	C1263846	1	1	0
7258	C0003864	1	0	1
7258	C0004604	1	0	1
7258	C0009443	1	0	1
7258	C0013390	1	0	1
7258	C0015967	1	0	1
7258	C0018681	1	0	1
7258	C0030193	1	0	1
7258	C0040460	1	0	1
7258	C0234238	1	0	1
72625	C0016053	1	1	0
72625	C0027796	1	1	0
72625	C0270549	1	1	0
72625	C0740447	1	1	0
72625	C1269683	1	1	0
72962	C0006142	2	0	1
72962	C0007131	2	0	1
72962	C0376358	2	0	1
72962	C0678222	2	0	1
72962	C1328504	2	0	1
73044	C0011860	1	0	1
73056	C0029458	2	0	1
73056	C0029401	1	0	1
73056	C0029456	1	0	1
73178	C0036341	1	0	1
734064	C1269683	1	1	0
73494	C0020538	1	0	1
73645	C0019342	1	1	0
73645	C0019345	1	1	0
73645	C0019360	1	1	0
73689	C0018099	1	0	1
73689	C0740394	1	0	1
7393	C0004153	2	1	0
7393	C0020473	2	1	0
7393	C0020557	2	1	0
7393	C0020481	1	1	0
7393	C0027051	1	1	0
7393	C0030305	1	1	0
7393	C0242339	1	1	0
7393	C1956346	1	1	0
7396	C0020538	3	0	1
7396	C0002962	1	0	1
7396	C0699826	1	0	1
7407	C0087169	3	0	1
7417	C0002962	2	1	0
7417	C0002963	2	1	0
7417	C0020538	2	1	0
7417	C0699826	2	1	0
7417	C0577698	1	1	0
7426	C0005136	1	0	1
7426	C0038525	1	0	1
7454	C0042029	1	1	0
74667	C0917801	1	0	1
746741	C0030567	3	1	0
746741	C0035258	1	1	0
7514	C0014175	1	1	0
7514	C0042134	1	1	0
7514	C0232940	1	1	0
75207	C0009782	1	0	1
75207	C0152171	1	0	1
7531	C0011570	1	1	0
7531	C0011573	1	1	0
75917	C0026769	1	0	1
7597	C0006840	2	1	0
7597	C0006849	1	1	0
7597	C0011630	1	1	0
7597	C0037278	1	1	0
7597	C0343886	1	1	0
7597	C0700345	1	1	0
7617	C0001206	2	0	1
7617	C0007095	2	0	1
7617	C0011991	2	0	1
7617	C0011993	1	0	1
7617	C0016382	1	0	1
7617	C0027651	1	0	1
7617	C1443924	1	0	1
7623	C0009763	2	0	1
7623	C0010043	2	0	1
7623	C0702166	2	0	1
7623	C0007860	1	0	1
7623	C0008677	1	0	1
7623	C0010692	1	0	1
7623	C0018081	1	0	1
7623	C0021311	1	0	1
7623	C0029878	1	0	1
7623	C0033581	1	0	1
7623	C0037278	1	0	1
7623	C0042029	1	0	1
7623	C0149959	1	0	1
7623	C0271429	1	0	1
7623	C0271454	1	0	1
7623	C0275524	1	0	1
7623	C0276089	1	0	1
7623	C0311389	1	0	1
7623	C0694549	1	0	1
7646	C0018834	1	0	1
7715	C0184567	2	1	0
77492	C0005001	1	1	0
77655	C0006826	1	0	1
77655	C0020437	1	0	1
77655	C0026764	1	0	1
77655	C0027651	1	0	1
77655	C0029401	1	0	1
77655	C0029456	1	0	1
77655	C0029458	1	0	1
77655	C0153690	1	0	1
77655	C0376358	1	0	1
7779	C0029456	2	0	1
7779	C0151825	2	0	1
7779	C0043094	1	0	1
7781	C0003469	1	0	1
7781	C0085631	1	0	1
7781	C0233494	1	0	1
7781	C0236663	1	0	1
7804	C0278140	6	1	0
7804	C0278139	4	1	0
7804	C0184567	2	1	0
7804	C0030201	1	1	0
7812	C0009443	5	0	1
7812	C0018621	5	0	1
7812	C0020517	5	0	1
7812	C0027424	4	0	1
7812	C0037199	3	0	1
7812	C0013604	1	0	1
797195	C0878773	1	0	1
8004	C0008354	1	0	1
8004	C0013537	1	0	1
8004	C0025289	1	0	1
8004	C0038220	1	0	1
8004	C0039614	1	0	1
8004	C0917801	1	0	1
8013	C0003838	1	1	0
8013	C0021775	1	1	0
8076	C0027497	1	1	0
8076	C0036341	1	1	0
8076	C0042963	1	1	0
8120	C0030193	3	0	1
8120	C0042029	3	0	1
8120	C0043250	1	0	1
8123	C0549249	1	0	1
8134	C0751495	2	1	0
8134	C0003469	1	1	0
8134	C0008489	1	1	0
8134	C0018801	1	1	0
8134	C0019080	1	1	0
8134	C0020550	1	1	0
8134	C0022893	1	1	0
8134	C0026603	1	1	0
8134	C0027497	1	1	0
8134	C0042963	1	1	0
8134	C0085580	1	1	0
8134	C0086439	1	1	0
8134	C0152163	1	1	0
8134	C0234533	1	1	0
8134	C0494475	1	1	0
8134	C0917801	1	1	0
8152	C1281429	1	1	0
8163	C0009443	3	0	1
8163	C0020517	3	0	1
8163	C0027424	3	0	1
8163	C0152029	3	0	1
8163	C0018621	2	0	1
8163	C0016169	1	0	1
8163	C0019112	1	0	1
8163	C0033774	1	0	1
816346	C0017168	1	1	0
816346	C0018834	1	1	0
816346	C0267055	1	1	0
8183	C0036572	3	1	0
8183	C0014549	2	1	0
8183	C0038220	1	1	0
8183	C0494475	1	1	0
82122	C0000833	1	1	0
82122	C0004610	1	1	0
82122	C0007642	1	1	0
82122	C0008677	1	1	0
82122	C0009768	1	1	0
82122	C0010043	1	1	0
82122	C0021099	1	1	0
82122	C0021311	1	1	0
82122	C0032064	1	1	0
82122	C0034212	1	1	0
82122	C0037278	1	1	0
82122	C0042029	1	1	0
82122	C0043241	1	1	0
82122	C0152936	1	1	0
82122	C0155866	1	1	0
82122	C0242301	1	1	0
82122	C0275556	1	1	0
82122	C0520575	1	1	0
82122	C0694549	1	1	0
82122	C0949083	1	1	0
82122	C1720797	1	1	0
82819	C0001973	1	0	1
83008	C1384494	1	1	0
8328	C0017612	2	0	1
8328	C0595921	2	0	1
8328	C0017601	1	0	1
8328	C0017605	1	0	1
8328	C0026205	1	0	1
8328	C0028840	1	0	1
8328	C0043352	1	0	1
8328	C0154946	1	0	1
8328	C0233494	1	0	1
8328	C1527336	1	0	1
83367	C0002962	2	1	0
83367	C0010068	2	1	0
83367	C0018802	2	1	0
83367	C0020479	2	1	0
83367	C0027051	2	1	0
83367	C0038454	2	1	0
83367	C0242339	2	1	0
83367	C0342879	2	1	0
83367	C0007222	1	1	0
83367	C0020443	1	1	0
83367	C0020445	1	1	0
83367	C0020473	1	1	0
83367	C0342881	1	1	0
83367	C0342882	1	1	0
8356	C0003873	1	1	0
8356	C0029408	1	1	0
83818	C0011860	1	0	1
83818	C0011881	1	0	1
83818	C0020538	1	0	1
83818	C0022658	1	0	1
84108	C0011860	2	0	1
84108	C0011849	1	0	1
84857	C0006142	1	1	0
85248	C0011991	1	0	1
85248	C0022104	1	0	1
85248	C1443924	1	0	1
85762	C0019693	2	0	1
85762	C0001175	1	0	1
857974	C0011860	1	1	0
86009	C0011849	1	0	1
8629	C0020538	1	1	0
8638	C0021368	4	0	1
8638	C0006435	3	0	1
8638	C0009766	3	0	1
8638	C0013604	3	0	1
8638	C0020517	3	0	1
8638	C0022081	3	0	1
8638	C0001403	2	0	1
8638	C0001627	2	0	1
8638	C0002878	2	0	1
8638	C0003872	2	0	1
8638	C0003873	2	0	1
8638	C0004096	2	0	1
8638	C0009324	2	0	1
8638	C0010346	2	0	1
8638	C0010543	2	0	1
8638	C0011606	2	0	1
8638	C0011608	2	0	1
8638	C0011615	2	0	1
8638	C0011616	2	0	1
8638	C0011633	2	0	1
8638	C0014130	2	0	1
8638	C0014488	2	0	1
8638	C0014742	2	0	1
8638	C0017178	2	0	1
8638	C0018939	2	0	1
8638	C0020437	2	0	1
8638	C0024141	2	0	1
8638	C0024299	2	0	1
8638	C0026948	2	0	1
8638	C0027726	2	0	1
8638	C0029077	2	0	1
8638	C0030807	2	0	1
8638	C0033687	2	0	1
8638	C0035204	2	0	1
8638	C0035457	2	0	1
8638	C0035854	2	0	1
8638	C0036202	2	0	1
8638	C0036830	2	0	1
8638	C0037274	2	0	1
8638	C0038013	2	0	1
8638	C0038325	2	0	1
8638	C0039520	2	0	1
8638	C0040147	2	0	1
8638	C0040896	2	0	1
8638	C0041318	2	0	1
8638	C0041327	2	0	1
8638	C0043117	2	0	1
8638	C0085655	2	0	1
8638	C0085669	2	0	1
8638	C0153027	2	0	1
8638	C0154301	2	0	1
8638	C0259799	2	0	1
8638	C0271738	2	0	1
8638	C0339289	2	0	1
8638	C0409974	2	0	1
8638	C0553662	2	0	1
8638	C1290159	2	0	1
8638	C1504534	2	0	1
8638	C0002390	1	0	1
8638	C0002871	1	0	1
8638	C0003868	1	0	1
8638	C0004031	1	0	1
8638	C0005138	1	0	1
8638	C0006272	1	0	1
8638	C0006826	1	0	1
8638	C0008513	1	0	1
8638	C0008526	1	0	1
8638	C0009326	1	0	1
8638	C0014458	1	0	1
8638	C0015397	1	0	1
8638	C0019364	1	0	1
8638	C0022073	1	0	1
8638	C0022568	1	0	1
8638	C0023418	1	0	1
8638	C0024117	1	0	1
8638	C0024799	1	0	1
8638	C0026769	1	0	1
8638	C0029134	1	0	1
8638	C0029408	1	0	1
8638	C0031039	1	0	1
8638	C0032227	1	0	1
8638	C0032290	1	0	1
8638	C0032305	1	0	1
8638	C0032453	1	0	1
8638	C0032533	1	0	1
8638	C0033860	1	0	1
8638	C0034902	1	0	1
8638	C0035435	1	0	1
8638	C0035440	1	0	1
8638	C0036508	1	0	1
8638	C0039103	1	0	1
8638	C0041296	1	0	1
8638	C0042164	1	0	1
8638	C0042167	1	0	1
8638	C0042384	1	0	1
8638	C0149896	1	0	1
8638	C0155877	1	0	1
8638	C0178416	1	0	1
8638	C0242459	1	0	1
8638	C0264383	1	0	1
8638	C0268732	1	0	1
8638	C0339202	1	0	1
8638	C0497209	1	0	1
8638	C0877221	1	0	1
8638	C1260899	1	0	1
8638	C1290158	1	0	1
8638	C1290884	1	0	1
8638	C1408837	1	0	1
8638	C1527336	1	0	1
8638	C1800706	1	0	1
8638	C1882062	1	0	1
8638	C1956391	1	0	1
8640	C0001403	1	1	0
8640	C0001627	1	1	0
8640	C0002871	1	1	0
8640	C0002878	1	1	0
8640	C0003868	1	1	0
8640	C0003872	1	1	0
8640	C0003873	1	1	0
8640	C0004096	1	1	0
8640	C0005138	1	1	0
8640	C0008513	1	1	0
8640	C0008526	1	1	0
8640	C0009324	1	1	0
8640	C0009326	1	1	0
8640	C0009766	1	1	0
8640	C0010346	1	1	0
8640	C0011606	1	1	0
8640	C0011608	1	1	0
8640	C0011615	1	1	0
8640	C0011616	1	1	0
8640	C0011633	1	1	0
8640	C0013604	1	1	0
8640	C0014130	1	1	0
8640	C0014488	1	1	0
8640	C0014742	1	1	0
8640	C0017178	1	1	0
8640	C0018939	1	1	0
8640	C0019364	1	1	0
8640	C0020437	1	1	0
8640	C0020517	1	1	0
8640	C0022073	1	1	0
8640	C0022081	1	1	0
8640	C0022568	1	1	0
8640	C0023418	1	1	0
8640	C0024141	1	1	0
8640	C0024299	1	1	0
8640	C0024799	1	1	0
8640	C0026948	1	1	0
8640	C0027726	1	1	0
8640	C0029077	1	1	0
8640	C0029134	1	1	0
8640	C0029408	1	1	0
8640	C0030807	1	1	0
8640	C0032290	1	1	0
8640	C0033687	1	1	0
8640	C0033860	1	1	0
8640	C0035204	1	1	0
8640	C0035435	1	1	0
8640	C0035440	1	1	0
8640	C0035457	1	1	0
8640	C0036202	1	1	0
8640	C0036508	1	1	0
8640	C0036830	1	1	0
8640	C0037274	1	1	0
8640	C0038013	1	1	0
8640	C0039103	1	1	0
8640	C0039520	1	1	0
8640	C0040147	1	1	0
8640	C0040896	1	1	0
8640	C0041318	1	1	0
8640	C0041327	1	1	0
8640	C0042167	1	1	0
8640	C0043117	1	1	0
8640	C0085655	1	1	0
8640	C0085669	1	1	0
8640	C0154301	1	1	0
8640	C0178416	1	1	0
8640	C0242459	1	1	0
8640	C0271738	1	1	0
8640	C0443146	1	1	0
8640	C0553662	1	1	0
8640	C0877221	1	1	0
8640	C1290159	1	1	0
8691	C0014549	1	0	1
8691	C0014556	1	0	1
8691	C0494475	1	0	1
8691	C0751495	1	0	1
8698	C0003868	1	0	1
8698	C0018099	1	0	1
8698	C0740394	1	0	1
8703	C0020557	3	1	0
8703	C0242339	3	1	0
8703	C0020473	2	1	0
8703	C0342879	2	1	0
8703	C0020443	1	1	0
8703	C0020480	1	1	0
8704	C0027497	3	1	0
8704	C0042963	3	1	0
8704	C0036341	2	1	0
8704	C0003469	1	1	0
8704	C0270549	1	1	0
8727	C0232940	2	1	0
8727	C0002453	1	1	0
8727	C0014173	1	1	0
8727	C0021359	1	1	0
8727	C0042134	1	1	0
8745	C0002792	1	1	0
8745	C0026603	1	1	0
8745	C0027497	1	1	0
8745	C0030201	1	1	0
8745	C0042963	1	1	0
8745	C1527304	1	1	0
8754	C0004238	2	1	0
8754	C0004239	1	1	0
8754	C0030590	1	1	0
8754	C0042514	1	1	0
8754	C0085612	1	1	0
87636	C0018621	2	0	1
87636	C0020517	2	0	1
87636	C0033774	2	0	1
87636	C0037383	2	0	1
87636	C1260880	2	0	1
87636	C0042109	1	0	1
87636	C0152227	1	0	1
87636	C3257803	1	0	1
8785	C0278138	1	1	0
8785	C0278139	1	1	0
8787	C0020538	3	0	1
8787	C0002962	2	0	1
8787	C0010054	2	0	1
8787	C0149931	2	0	1
8787	C0700053	2	0	1
8787	C0003811	1	0	1
8787	C0004238	1	0	1
8787	C0004239	1	0	1
8787	C0027051	1	0	1
8787	C0027651	1	0	1
8787	C0030567	1	0	1
8787	C0031511	1	0	1
8787	C0039231	1	0	1
8787	C0040156	1	0	1
8787	C0040822	1	0	1
8787	C0042514	1	0	1
8787	C0080203	1	0	1
8787	C0151636	1	0	1
8787	C0270736	1	0	1
8787	C0340515	1	0	1
8787	C0393615	1	0	1
8787	C0428974	1	0	1
8787	C0546959	1	0	1
8794	C0020550	2	1	0
8794	C0018213	1	1	0
8794	C0154143	1	1	0
88014	C0149931	2	0	1
88249	C0004096	2	1	0
88249	C0015263	2	1	0
88249	C0018621	2	1	0
88249	C0035457	2	1	0
88249	C2607914	2	1	0
8896	C0009443	2	0	1
8896	C0018621	2	0	1
8896	C0020517	2	0	1
8896	C0027424	2	0	1
8896	C0152029	2	0	1
89013	C0004352	1	1	0
89013	C0005586	1	1	0
89013	C0036341	1	1	0
89013	C0085631	1	1	0
89013	C0338831	1	1	0
89013	C0349208	1	1	0
89013	C0853193	1	1	0
89013	C1269683	1	1	0
8928	C0009806	5	0	1
9000	C0026896	1	0	1
9000	C0032343	1	0	1
9000	C0600688	1	0	1
9071	C0024530	1	0	1
9071	C0024535	1	0	1
9071	C0028250	1	0	1
9143	C0013395	1	0	1
9143	C0018834	1	0	1
9344	C0524910	5	0	1
9344	C0023895	3	0	1
9344	C0023890	2	0	1
9344	C0030389	1	0	1
9344	C0035235	1	0	1
9344	C0035243	1	0	1
9344	C0042769	1	0	1
9384	C0041296	1	1	0
9524	C0009324	3	1	0
9524	C0003873	1	1	0
9524	C0553662	1	1	0
9525	C0001144	32	0	1
9525	C0033860	9	0	1
9525	C0033774	8	0	1
9525	C0542346	8	0	1
9525	C0010046	7	0	1
9525	C0036508	7	0	1
9525	C0043037	6	0	1
9525	C0376154	5	0	1
9525	C0702166	5	0	1
9525	C0302302	4	0	1
9525	C0423775	4	0	1
9525	C0030193	3	0	1
9525	C0240941	3	0	1
9525	C0032027	2	0	1
9525	C0037274	2	0	1
9525	C0042548	2	0	1
9525	C0151908	2	0	1
9525	C0152030	2	0	1
9525	C0221244	2	0	1
9525	C0263383	2	0	1
9525	C0856543	2	0	1
9525	C0013604	1	0	1
9525	C0020757	1	0	1
9525	C0021368	1	0	1
9525	C0029485	1	0	1
9525	C0041834	1	0	1
9525	C0079584	1	0	1
9525	C0241165	1	0	1
9525	C0856781	1	0	1
9525	C0870082	1	0	1
9601	C0022073	1	1	0
9601	C0026603	1	1	0
9601	C0027497	1	1	0
9601	C0042963	1	1	0
9639	C0024517	1	0	1
9639	C0030567	1	0	1
9639	C0040822	1	0	1
9639	C1269683	1	0	1
9793	C0036690	1	0	1
9793	C0043250	1	0	1
9793	C0433445	1	0	1
9796	C0016204	4	0	1
9796	C1291077	2	0	1
9899	C0007384	1	0	1
9899	C0027404	1	0	1
9899	C0917799	1	0	1
99	C0000832	1	0	1
99	C0002874	1	0	1
99	C0018939	1	0	1
99	C0027651	1	0	1
99	C0080276	1	0	1
9947	C0085612	3	0	1
9947	C0004238	2	0	1
9947	C0155709	2	0	1
9947	C0003811	1	0	1
9947	C0750197	1	0	1
9997	C0001430	1	1	0
9997	C0003962	1	1	0
9997	C0013604	1	1	0
9997	C0018802	1	1	0
9997	C0020488	1	1	0
9997	C0020621	1	1	0
9997	C0023890	1	1	0
9997	C0027726	1	1	0
9997	C0085580	1	1	0
9997	C0333976	1	1	0
9997	C0342495	1	1	0
9997	C1384514	1	1	0
